model,tr_R2,tr_RMSE,tr_MAE,val_R2,val_RMSE,val_MAE,overfit_R2,overfit_RMSE,max_res
cat_ordinal,0.8518816210487744,43.82173870346213,31.88978236825634,0.8310039822263472,44.879385600757914,33.38135849278306,0.020877638822427214,-1.0576468972957827,216.338745160509
