model,tr_R2,tr_RMSE,tr_MAE,val_R2,val_RMSE,val_MAE,overfit_R2,overfit_RMSE,max_res
light_gbm,0.8604406454252529,42.53677949504377,31.831044432692085,0.8247054345408468,45.70807100569508,34.70801122427829,0.03573521088440612,-3.171291510651315,191.68913348114802
