model,tr_R2,tr_RMSE,tr_MAE,val_R2,val_RMSE,val_MAE,overfit_R2,overfit_RMSE,max_res
cat_ordinal,0.8407154481589263,45.44351945695983,33.02432303323683,0.8209091125107145,46.200365525687204,33.8319403306156,0.01980633564821177,-0.756846068727377,199.8135495577081
