model,tr_R2,tr_RMSE,tr_MAE,val_R2,val_RMSE,val_MAE,overfit_R2,overfit_RMSE,max_res
cat_native,0.8425572935549045,45.18001836461694,32.5272783748463,0.8198192934990394,46.34072350538478,35.1449682126838,0.022738000055865126,-1.1607051407678384,181.1645626031601
