model,tr_R2,tr_RMSE,tr_MAE,val_R2,val_RMSE,val_MAE,overfit_R2,overfit_RMSE,max_res
light_gbm,0.8830953566903536,38.931488640621424,29.10044666318326,0.8356936124058547,44.252304388196876,33.71372665371313,0.04740174428449884,-5.320815747575452,190.99107829442931
