model,tr_R2,tr_RMSE,tr_MAE,val_R2,val_RMSE,val_MAE,overfit_R2,overfit_RMSE,max_res
cat_ordinal,0.8331171715622137,46.51477833677343,34.44979555890087,0.816716396828446,46.73803767474678,35.521730126143474,0.016400774733767665,-0.22325933797334585,194.43220800026427
