model,tr_R2,tr_RMSE,tr_MAE,val_R2,val_RMSE,val_MAE,overfit_R2,overfit_RMSE,max_res
light_gbm,0.8625367910425483,42.21612515854027,31.6799750094301,0.8103784689507972,47.53926815860453,36.00704569734108,0.052158322091751086,-5.323143000064256,183.32696841105178
