model,tr_R2,tr_RMSE,tr_MAE,val_R2,val_RMSE,val_MAE,overfit_R2,overfit_RMSE,max_res
cat_native,0.8369518104240404,45.977263617667894,32.980646348630415,0.8181122923646603,46.55971808514456,34.59363215931245,0.01883951805938011,-0.5824544674766656,192.71192834244738
