model,tr_R2,tr_RMSE,tr_MAE,val_R2,val_RMSE,val_MAE,overfit_R2,overfit_RMSE,max_res
cat_native,0.8606299580288439,42.50791908204546,30.678527500017655,0.835421636009907,44.28891466832222,33.09142039736667,0.025208322018936857,-1.7809955862767595,198.98930012012892
